"Rate of psychiatric hospital admissions per 1,000 residents age 14+"
"Minnesota, 2000-2015"
""
"","2000","2001","2002","2003","2004","2005","2006","2007","2008","2009","2010","2011","2012","2013","2014","2015"
"Rate of psychiatric hospital admissions, 14+","6.1","6.7","7.0","7.1","7.4","7.4","7.5","7.3","7.7","8.0","7.9","7.7","7.9","7.7","7.6","7.0"
"Number of psychiatric admissions, 14+","24,254","26,948","28,241","29,009","30,477","30,700","31,206","30,794","32,670","34,132","33,945","33,460","34,618","34,133","33,999","31,645"
"Total population, 14+","3,947,736","3,996,151","4,036,775","4,075,348","4,112,822","4,147,030","4,188,549","4,226,608","4,261,567","4,291,289","4,318,307","4,354,667","4,387,221","4,424,630","4,459,832","4,491,468"
""
"Notes:"
"Psychiatric hospital admissions includes all instances in which the"
"primary diagnosis/reason for treatment is mental illness."
""
"Admissions refers to the number of admittances and not individual patients."
"It is possible that some individuals were admitted for psychiatric illness"
"more than once within a given year."
""
"Counties refer to the home address of the patient, not the location of the"
"hospital where the patient was admitted."
""
"Chemical dependency, which can also affect a person's mental state, is"
"tracked separately. For data on chemical dependency admissions, please"
"visit the Health More Measures section."
""
"Sources:"
"Minnesota Hospital Association."
""
"National Center for Health Statistics, Bridged-Race Resident Population"
"Estimates. https://wonder.cdc.gov/bridged-race-population.html"
""
""
"Data downloaded from http://www.mncompass.org on 12/04/2018"
